{"F1": [{"fitness": [100187.21562439374, 93746.10265103362, 85289.49835791302], "epoch": [1, 2, 3]}, {"fitness": [96401.93167163905, 75102.33408969663], "epoch": [1, 3]}, {"fitness": [92824.43942714638], "epoch": [1]}]}